<?xml version="1.0" encoding="UTF-8"?>
<project-private xmlns="http://www.netbeans.org/ns/project-private/1">
    <editor-bookmarks xmlns="http://www.netbeans.org/ns/editor-bookmarks/1"/>
    <editor-bookmarks xmlns="http://www.netbeans.org/ns/editor-bookmarks/2" lastBookmarkId="0"/>
    <open-files xmlns="http://www.netbeans.org/ns/projectui-open-files/2">
        <group>
            <file>file:/C:/Users/cauth/OneDrive%20-%20TAFE%20SA/ICTPRG556%20-%20ASDS%20-%20Assignment-Online%20Bookstore%20Resources/BookShop/web/jsp/thankyou.jsp</file>
            <file>file:/C:/Users/cauth/OneDrive%20-%20TAFE%20SA/ICTPRG556%20-%20ASDS%20-%20Assignment-Online%20Bookstore%20Resources/BookShop/src/java/dispatchers/ViewCartDispatcher.java</file>
            <file>file:/C:/Users/cauth/OneDrive%20-%20TAFE%20SA/ICTPRG556%20-%20ASDS%20-%20Assignment-Online%20Bookstore%20Resources/BookShop/src/java/dispatchers/CheckoutDispatcher.java</file>
            <file>file:/C:/Users/cauth/OneDrive%20-%20TAFE%20SA/ICTPRG556%20-%20ASDS%20-%20Assignment-Online%20Bookstore%20Resources/BookShop/src/java/model/Books.java</file>
            <file>file:/C:/Users/cauth/OneDrive%20-%20TAFE%20SA/ICTPRG556%20-%20ASDS%20-%20Assignment-Online%20Bookstore%20Resources/BookShop/src/java/dispatchers/ContinueDispatcher.java</file>
            <file>file:/C:/Users/cauth/OneDrive%20-%20TAFE%20SA/ICTPRG556%20-%20ASDS%20-%20Assignment-Online%20Bookstore%20Resources/BookShop/src/java/dispatchers/IDispatcher.java</file>
            <file>file:/C:/Users/cauth/OneDrive%20-%20TAFE%20SA/ICTPRG556%20-%20ASDS%20-%20Assignment-Online%20Bookstore%20Resources/BookShop/web/jsp/checkout.jsp</file>
            <file>file:/C:/Users/cauth/OneDrive%20-%20TAFE%20SA/ICTPRG556%20-%20ASDS%20-%20Assignment-Online%20Bookstore%20Resources/BookShop/src/java/controller/FrontController.java</file>
            <file>file:/C:/Users/cauth/OneDrive%20-%20TAFE%20SA/ICTPRG556%20-%20ASDS%20-%20Assignment-Online%20Bookstore%20Resources/BookShop/src/java/utility/AdmitBookStoreDAO.java</file>
            <file>file:/C:/Users/cauth/OneDrive%20-%20TAFE%20SA/ICTPRG556%20-%20ASDS%20-%20Assignment-Online%20Bookstore%20Resources/BookShop/src/java/dispatchers/AddToCartDispatcher.java</file>
            <file>file:/C:/Users/cauth/OneDrive%20-%20TAFE%20SA/ICTPRG556%20-%20ASDS%20-%20Assignment-Online%20Bookstore%20Resources/BookShop/web/jsp/header.jsp</file>
            <file>file:/C:/Users/cauth/OneDrive%20-%20TAFE%20SA/ICTPRG556%20-%20ASDS%20-%20Assignment-Online%20Bookstore%20Resources/BookShop/web/META-INF/persistence.xml</file>
            <file>file:/C:/Users/cauth/OneDrive%20-%20TAFE%20SA/ICTPRG556%20-%20ASDS%20-%20Assignment-Online%20Bookstore%20Resources/BookShop/web/jsp/final.jsp</file>
            <file>file:/C:/Users/cauth/OneDrive%20-%20TAFE%20SA/ICTPRG556%20-%20ASDS%20-%20Assignment-Online%20Bookstore%20Resources/BookShop/web/jsp/error.jsp</file>
            <file>file:/C:/Users/cauth/OneDrive%20-%20TAFE%20SA/ICTPRG556%20-%20ASDS%20-%20Assignment-Online%20Bookstore%20Resources/BookShop/web/jsp/cart.jsp</file>
            <file>file:/C:/Users/cauth/OneDrive%20-%20TAFE%20SA/ICTPRG556%20-%20ASDS%20-%20Assignment-Online%20Bookstore%20Resources/BookShop/src/java/dispatchers/UpdateCartDispatcher.java</file>
            <file>file:/C:/Users/cauth/OneDrive%20-%20TAFE%20SA/ICTPRG556%20-%20ASDS%20-%20Assignment-Online%20Bookstore%20Resources/BookShop/web/index.jsp</file>
            <file>file:/C:/Users/cauth/OneDrive%20-%20TAFE%20SA/ICTPRG556%20-%20ASDS%20-%20Assignment-Online%20Bookstore%20Resources/BookShop/web/jsp/footer.jsp</file>
            <file>file:/C:/Users/cauth/OneDrive%20-%20TAFE%20SA/ICTPRG556%20-%20ASDS%20-%20Assignment-Online%20Bookstore%20Resources/BookShop/web/jsp/titles.jsp</file>
            <file>file:/C:/Users/cauth/OneDrive%20-%20TAFE%20SA/ICTPRG556%20-%20ASDS%20-%20Assignment-Online%20Bookstore%20Resources/BookShop/src/java/dispatchers/TitleDispatcher.java</file>
            <file>file:/C:/Users/cauth/OneDrive%20-%20TAFE%20SA/ICTPRG556%20-%20ASDS%20-%20Assignment-Online%20Bookstore%20Resources/BookShop/src/java/model/CartItem.java</file>
        </group>
    </open-files>
</project-private>
